Tag,count
bird,3332
fauna,3322
beak,3242
wildlife,2519
blackbird,2174
organism,2052
perching bird,1916
old world flycatcher,1159
grass,1044
tree,912
emberizidae,707
branch,683
feather,639
leaf,632
plant,500
wing,497
flora,442
ecosystem,409
twig,335
sky,324
finch,270
american crow,257
crow,255
wren,212
grass family,199
close up,184
water,182
airplane,181
aircraft,176
aviation,161
cuculiformes,156
aerospace engineering,154
rook,147
sparrow,140
acridotheres,134
robin,131
terrestrial animal,125
air force,117
nightingale,113
military aircraft,102
nature reserve,95
thrush,91
bird nest,84
snow,84
vegetation,82
spring,80
nest,78
flower,76
garden,76
crow like bird,76
jet aircraft,74
propeller,72
winter,72
ecoregion,70
vehicle,70
black and white,67
galliformes,62
pigeons and doves,62
grassland,57
fighter aircraft,57
aircraft engine,56
wood,56
egg,55
new caledonian crow,55
plant community,54
airliner,52
monochrome photography,48
monochrome,46
common myna,45
hangar,45
freezing,45
motor vehicle,44
mammal,43
soil,42
water bird,41
airline,40
flowering plant,39
reflection,38
tail,38
squirrel,38
shrubland,36
bird bath,36
cloud,36
eye,36
shrub,35
green,34
rock,34
raven,34
woody plant,34
rodent,34
field,33
landscape,33
european robin,32
lark,31
house sparrow,31
car,30
cinclidae,30
lockheed sr 71 blackbird,30
fox squirrel,30
photography,29
monument,29
livestock,29
house,27
flight,27
mode of transport,26
bird feeder,26
snout,26
pasture,26
chicken,26
building,25
meadow,25
morning,24
transport,23
duck,23
macro photography,23
songbird,22
house finch,22
rooster,22
poultry,22
yellow,21
darkness,21
seabird,21
jungle,21
town,20
outdoor structure,20
computer wallpaper,20
automotive design,20
bird of prey,20
woodland,20
lawn,20
forest,20
blossom,20
supersonic aircraft,20
metropolitan area,19
window,19
architecture,19
holly,19
tourist attraction,19
bus,18
double decker bus,18
lane,18
ducks geese and swans,18
stock photography,18
fruit,18
zoo,18
bird food,18
historic site,18
urban area,17
air travel,17
atmosphere,17
biome,17
prairie,17
art,17
jet engine,17
landmark,17
archaeological site,17
black,16
facade,16
hawk,16
stock dove,16
waterfowl,16
propeller driven aircraft,16
autumn,16
wildflower,16
fowl,16
city,15
starling,15
whiskers,15
monolith,15
silhouette,14
yard,14
narrow body aircraft,14
deciduous,14
tour bus service,13
pollinator,13
angle,13
botanical garden,13
shore,13
ancient history,13
neighbourhood,12
wetland,12
roof,12
berry,12
rowan,12
mcdonnell douglas f 15 eagle,12
wall,12
body of water,12
sea,12
coast,12
coastal and oceanic landforms,12
land vehicle,11
blue,11
buzzard,11
frost,11
herb,11
daytime,11
mcdonnell douglas f 15e strike eagle,11
sunlight,11
sculpture,11
annual plant,11
pond,10
ice,10
rural area,10
plain,10
museum,10
still life photography,10
flap,10
motorcycle,10
phasianidae,10
ocean,10
beach,10
insect,9
automotive exterior,9
auto part,9
nature,9
vulture,9
shorebird,9
charadriiformes,9
rainforest,9
chipmunk,9
recreation,9
grave,8
wheel,8
street,8
eagle,8
memorial,8
aquifoliaceae,8
backyard,8
chickadee,8
evergreen,8
bank,8
grouse,8
light,8
purple,8
font,8
falcon,8
statue,8
arecales,8
gull,8
advertising,7
hill,7
space,7
evening,7
trunk,7
road,7
takeoff,7
lockheed martin,7
street art,7
wide body aircraft,7
pheasant,7
easter egg,7
boat,7
home,7
history,7
national trust for places of historic interest or natural beauty,7
ruins,7
invertebrate,6
birdhouse,6
red,6
geological phenomenon,6
sunrise,6
goose,6
white,6
visual arts,6
night,6
air show,6
lockheed martin f 22 raptor,6
lockheed martin fb 22,6
piciformes,6
lighting,6
ground attack aircraft,6
motorcycling,6
picture frame,6
hydrangea,6
hydrangeaceae,6
cornales,6
membrane winged insect,6
petal,6
painting,5
sunset,5
structure,5
infrastructure,5
old world oriole,5
plant stem,5
engine,5
steppe,5
phragmites,5
crowd,5
owl,5
food,5
bird supply,5
grove,5
fur,5
leopard,5
crop,5
supersonic transport,5
groundcover,5
vertebrate,4
product,4
mountain,4
automotive tire,4
automotive wheel system,4
sorbus,4
winter storm,4
reptile,4
water resources,4
highland,4
mural,4
cherry blossom,4
ortolan bunting,4
magpie,4
agriculture,4
rotorcraft,4
military transport aircraft,4
aerobatics,4
door,4
automotive engine part,4
engineering,4
signage,4
sign,4
street light,4
public utility,4
carving,4
horn,4
cat,4
small to medium sized cats,4
cat like mammal,4
domestic short haired cat,4
european shorthair,4
kitten,4
aegean cat,4
junco,4
hydrangea serrata,4
palm tree,4
furniture,4
waterway,4
real estate,4
residential area,4
electrical supply,4
wind,4
tourism,4
illustration,4
square,4
megalith,4
public transport,3
amphibian,3
cage,3
cemetery,3
tire,3
glass,3
water feature,3
bluebird,3
dawn,3
dusk,3
river,3
animal migration,3
meteorological phenomenon,3
road surface,3
old growth forest,3
land lot,3
dog like mammal,3
stealth aircraft,3
photograph,3
graffiti,3
artwork,3
midnight,3
technology,3
paper,3
eurasian magpie,3
boeing,3
helicopter,3
helicopter rotor,3
cargo aircraft,3
fir,3
conifer,3
coraciiformes,3
galanthus,3
snowdrop,3
aquifoliales,3
herd,3
deer,3
antler,3
white tailed deer,3
mallard,3
rhinoceros,3
temple,3
metal,3
watercraft,3
boating,3
skiff,3
path,3
line,3
energy,3
floral design,3
motorcycle accessories,3
sweet grass,3
chrysopogon zizanioides,3
electricity,3
helmet,3
unesco world heritage site,3
outcrop,3
bedrock,3
geology,3
vegetarian food,3
jay,3
tundra,3
brambling,3
toad,2
headstone,2
photo caption,2
graphics,2
windshield,2
hood,2
watercolor paint,2
pipe,2
horizon,2
flooring,2
shoe,2
primate,2
new world monkey,2
public space,2
houseplant,2
landscaping,2
asphalt,2
farm,2
park,2
dog breed group,2
mcdonnell douglas fa 18 hornet,2
boeing fa 18e f super hornet,2
lockheed martin f 35 lightning ii,2
horse,2
thorns spines and prickles,2
ciconiiformes,2
dog,2
dog breed,2
text,2
pattern,2
airbus,2
tiltrotor,2
lockheed c 130 hercules,2
monoplane,2
general aviation,2
woodpecker,2
spruce,2
pine family,2
boeing c 17 globemaster iii,2
light fixture,2
fruit tree,2
local food,2
market,2
industry,2
discinaceae,2
medicinal mushroom,2
saw palmetto,2
terrestrial plant,2
agave azul,2
borassus flabellifer,2
agave,2
chicken feet,2
elaeis,2
date palm,2
tropics,2
ferry,2
water transportation,2
sailboat,2
boats and boating equipment and supplies,2
walkway,2
swamp,2
pest,2
bamboo,2
geraniaceae,2
geraniales,2
display board,2
bulletin board,2
trail,2
adventure,2
off roading,2
promontory,2
cottage,2
property,2
apartment,2
windmill,2
mill,2
wind turbine,2
hill station,2
village,2
floristry,2
flower arranging,2
pink family,2
display window,2
retail,2
cruiser,2
honda,2
shadow,2
flowerpot,2
watercourse,2
floor,2
design,2
wire fencing,2
boeing c 40 clipper,2
boeing 737,2
racing,2
marine mammal,2
tower,2
fortification,2
sand,2
screenshot,2
formation,2
event,2
fun,2
modern art,2
waste,2
cardinal,2
machine,2
hummingbird,2
citrus,2
clementine,2
rangpur,2
grapefruit,2
tangelo,2
mandarin orange,2
bitter orange,2
quail,2
siding,2
cuisine,2
reindeer,2
hare,1
rabbit,1
luxury vehicle,1
compact car,1
moths and butterflies,1
butterfly,1
animal shelter,1
peccary,1
missile,1
rapeseed,1
canola,1
mustard plant,1
mustard and cabbage family,1
brassica rapa,1
star,1
fungus,1
log cabin,1
pub,1
chapel,1
swallow,1
costume,1
orangutan,1
playground,1
blizzard,1
arctic,1
bonsai,1
flock,1
bird migration,1
cumulus,1
highway,1
controlled access highway,1
guard rail,1
fixed link,1
fictional character,1
rottweiler,1
carnivoran,1
vulnerable native breeds,1
submarine,1
casa c 101,1
smoke,1
bell boeing v 22 osprey,1
military helicopter,1
grumman f 14 tomcat,1
pine,1
christmas tree,1
lockheed ac 130,1
lockheed c 5 galaxy,1
moon,1
snapshot,1
fair,1
great grey owl,1
gravel,1
pebble,1
elk,1
plant pathology,1
tortoise,1
lavender,1
malvales,1
mallow family,1
hollyhocks,1
malva,1
geranium,1
poster,1
daisy family,1
produce,1
natural foods,1
marketplace,1
grocery store,1
greengrocer,1
whole food,1
vegetable,1
straw,1
pole,1
factory,1
mass production,1
roller,1
wilderness,1
terrain,1
vacation,1
drawing,1
frog,1
snail,1
snails and slugs,1
rallidae,1
stairs,1
ceiling,1
interior design,1
estate,1
handrail,1
national park,1
paddy field,1
wire,1
overhead power line,1
still life,1
harbor seal,1
elephant,1
spaceplane,1
steering part,1
steering wheel,1
headgear,1
race track,1
road racing,1
whales dolphins and porpoises,1
bumper,1
airport,1
pc game,1
amusement park,1
amusement ride,1
street sign,1
traffic sign,1
national historic landmark,1
ancient greek temple,1
stone carving,1
people,1
audience,1
community,1
festival,1
theatre,1
boulder,1
igneous rock,1
ridge,1
bellflower family,1
hand,1
finger,1
eating,1
scrap,1
rubble,1
material,1
earth,1
world,1
fountain,1
plantation,1
hornbill,1
afterglow,1
antenna,1
sun,1
sunflower,1
tiki,1
mineral,1
fish,1
sitting,1
person,1
man,1
standing,1
commodity,1
symmetry,1
paper product,1
violet,1
old world monkey,1
common chimpanzee,1
great ape,1
honey bee,1
bee,1
bumblebee,1
pollen,1
litter,1
sukhoi su 27,1
daylighting,1
european herring gull,1
calm,1
brand,1
flightless bird,1
drink,1
dish,1
alcohol,1
peafowl,1
heron,1
ruffed grouse,1
camera accessory,1
cameras & optics,1
single lens reflex camera,1
camera lens,1
lens,1
digital slr,1
camera,1
tripod,1
metropolis,1
tunnel,1
circle,1
buffaloberries,1
heteromeles,1
bench,1
outdoor bench,1
outdoor furniture,1
arch,1
accipitriformes,1
cormorant,1
turbine,1
water ouzel,1
landing,1
meal,1
parrot,1
perico,1
parakeet,1
rocket powered aircraft,1
seaduck,1
european gallinule,1
horse like mammal,1
mane,1
pony,1
hound,1
toucan,1
narcissus,1